brand,category,price,sale_price,rating,review_count,description,website,date_collected,attributes,brand_type,on_sale,discount_pct,price_category,product_name,attributes_cleaned,has_sustainable,has_eco_friendly,price_ratio,price_tier,review_score,has_credible_reviews,name_length,desc_length,has_description,brand_category
The Good Fill,Laundry,37.3,29.34,4.2,0,Eco-friendly laundry product made from sustainable materials,Amazon,2026-02-10,"eco_friendly, sustainable",emerging,True,21.34,premium 25-50,Unknown Product,"['sustainable', 'eco_friendly']",True,True,0.7865951742627346,Premium ($25-50),4.32,False,15,60,True,specialty_eco
Seventh Generationeration,Other,26.01,26.01,4.4,65,Eco-friendly bath product made from sustainable materials,Amazon,2026-02-10,"eco_friendly, sustainable",emerging,False,0.0,premium 25-50,Unknown Product,"['sustainable', 'eco_friendly']",True,True,1.0,Premium ($25-50),4.34,True,15,57,True,value_eco
Method,Other,27.95,19.81,4.2,374,Eco-friendly bath product made from sustainable materials,Amazon,2026-02-10,"eco_friendly, sustainable",conventional,True,29.12,premium 25-50,Unknown Product,"['sustainable', 'eco_friendly']",True,True,0.7087656529516995,Premium ($25-50),4.24,True,15,57,True,value_eco
Package Free,Cleaning,16.34,14.12,4.1,253,Eco-friendly cleaning product made from sustainable materials,Amazon,2026-02-10,"eco_friendly, sustainable",established,True,13.59,mid 10-25,Unknown Product,"['sustainable', 'eco_friendly']",True,True,0.8641370869033047,Mid-Range ($10-25),4.2,True,15,61,True,premium_eco
Package Free,Laundry,37.72,31.07,3.9,227,Eco-friendly laundry product made from sustainable materials,Amazon,2026-02-10,"eco_friendly, sustainable",established,True,17.63,premium 25-50,Unknown Product,"['sustainable', 'eco_friendly']",True,True,0.8237009544008483,Premium ($25-50),4.11,True,15,60,True,premium_eco
Attitude,Cleaning,8.89,6.46,4.6,61,Eco-friendly cleaning product made from sustainable materials,Amazon,2026-02-10,"eco_friendly, sustainable",conventional,True,27.33,budget 10,Unknown Product,"['sustainable', 'eco_friendly']",True,True,0.7266591676040495,Budget (<$10),4.38,True,15,61,True,conventional
Who Gives A Crap,Cleaning,20.82,20.82,4.3,357,Eco-friendly cleaning product made from sustainable materials,Amazon,2026-02-10,"eco_friendly, sustainable",established,False,0.0,mid 10-25,Unknown Product,"['sustainable', 'eco_friendly']",True,True,1.0,Mid-Range ($10-25),4.31,True,15,61,True,value_eco
Seventh Generationeration,Other,17.93,13.34,4.0,191,Eco-friendly bath product made from sustainable materials,Amazon,2026-02-10,"eco_friendly, sustainable",emerging,True,25.6,mid 10-25,Unknown Product,"['sustainable', 'eco_friendly']",True,True,0.7440044617958729,Mid-Range ($10-25),4.17,True,15,57,True,value_eco
Bambo Nature,Other,11.73,9.39,4.2,52,Eco-friendly bath product made from sustainable materials,Amazon,2026-02-10,"eco_friendly, sustainable",emerging,True,19.95,mid 10-25,Unknown Product,"['sustainable', 'eco_friendly']",True,True,0.8005115089514067,Mid-Range ($10-25),4.3,True,15,57,True,conventional
Mrs. Meyer's,Laundry,27.04,27.04,4.3,162,Eco-friendly laundry product made from sustainable materials,Amazon,2026-02-10,"eco_friendly, sustainable",conventional,False,0.0,premium 25-50,Unknown Product,"['sustainable', 'eco_friendly']",True,True,1.0,Premium ($25-50),4.31,True,15,60,True,conventional
The Good Fill,Kitchen,17.38,17.38,3.9,332,Eco-friendly kitchen product made from sustainable materials,Amazon,2026-02-10,"eco_friendly, sustainable",emerging,False,0.0,mid 10-25,Unknown Product,"['sustainable', 'eco_friendly']",True,True,1.0,Mid-Range ($10-25),4.07,True,15,60,True,specialty_eco
EarthHero,Laundry,31.01,31.01,4.8,70,Eco-friendly laundry product made from sustainable materials,Amazon,2026-02-10,"eco_friendly, sustainable",established,False,0.0,premium 25-50,Unknown Product,"['sustainable', 'eco_friendly']",True,True,1.0,Premium ($25-50),4.43,True,15,60,True,specialty_eco
Blueland,Cleaning,16.33,16.33,4.2,119,Eco-friendly cleaning product made from sustainable materials,Amazon,2026-02-10,"eco_friendly, sustainable",established,False,0.0,mid 10-25,Unknown Product,"['sustainable', 'eco_friendly']",True,True,1.0,Mid-Range ($10-25),4.28,True,15,61,True,premium_eco
Well Earth Goods,Cleaning,21.58,16.34,4.5,382,Eco-friendly cleaning product made from sustainable materials,Amazon,2026-02-10,"eco_friendly, sustainable",emerging,True,24.28,mid 10-25,Unknown Product,"['sustainable', 'eco_friendly']",True,True,0.7571825764596849,Mid-Range ($10-25),4.43,True,15,61,True,specialty_eco
Who Gives A Crap,Other,26.03,21.42,3.9,219,Eco-friendly bath product made from sustainable materials,Amazon,2026-02-10,"eco_friendly, sustainable",established,True,17.71,premium 25-50,Unknown Product,"['sustainable', 'eco_friendly']",True,True,0.8228966577026509,Premium ($25-50),4.11,True,15,57,True,value_eco
The Good Fill,Cleaning,22.14,22.14,4.5,410,Eco-friendly cleaning product made from sustainable materials,Amazon,2026-02-10,"eco_friendly, sustainable",emerging,False,0.0,mid 10-25,Unknown Product,"['sustainable', 'eco_friendly']",True,True,1.0,Mid-Range ($10-25),4.43,True,15,61,True,specialty_eco
Method,Kitchen,20.84,17.94,4.7,370,Eco-friendly kitchen product made from sustainable materials,Amazon,2026-02-10,"eco_friendly, sustainable",conventional,True,13.92,mid 10-25,Unknown Product,"['sustainable', 'eco_friendly']",True,True,0.8608445297504799,Mid-Range ($10-25),4.55,True,15,60,True,value_eco
Well Earth Goods,Cleaning,18.48,13.04,4.0,196,Eco-friendly cleaning product made from sustainable materials,Amazon,2026-02-10,"eco_friendly, sustainable",emerging,True,29.44,mid 10-25,Unknown Product,"['sustainable', 'eco_friendly']",True,True,0.7056277056277056,Mid-Range ($10-25),4.17,True,15,61,True,specialty_eco
Package Free,Other,6.91,5.29,3.8,379,Eco-friendly bath product made from sustainable materials,Amazon,2026-02-10,"eco_friendly, sustainable",established,True,23.44,budget 10,Unknown Product,"['sustainable', 'eco_friendly']",True,True,0.7655571635311144,Budget (<$10),4.0,True,15,57,True,premium_eco
Mrs. Meyer's,Cleaning,11.44,11.44,4.1,342,Eco-friendly cleaning product made from sustainable materials,Amazon,2026-02-10,"eco_friendly, sustainable",conventional,False,0.0,mid 10-25,Unknown Product,"['sustainable', 'eco_friendly']",True,True,1.0,Mid-Range ($10-25),4.19,True,15,61,True,conventional
Package Free,Cleaning,15.69,15.69,3.8,313,Eco-friendly cleaning product made from sustainable materials,Amazon,2026-02-10,"eco_friendly, sustainable",established,False,0.0,mid 10-25,Unknown Product,"['sustainable', 'eco_friendly']",True,True,1.0,Mid-Range ($10-25),4.02,True,15,61,True,premium_eco
EcoRoots,Other,9.32,9.32,4.6,0,Eco-friendly bath product made from sustainable materials,Amazon,2026-02-10,"eco_friendly, sustainable",established,False,0.0,budget 10,Unknown Product,"['sustainable', 'eco_friendly']",True,True,1.0,Budget (<$10),4.32,False,15,57,True,specialty_eco
Who Gives A Crap,Cleaning,14.21,10.53,4.6,232,Eco-friendly cleaning product made from sustainable materials,Amazon,2026-02-10,"eco_friendly, sustainable",established,True,25.9,mid 10-25,Unknown Product,"['sustainable', 'eco_friendly']",True,True,0.7410274454609429,Mid-Range ($10-25),4.46,True,15,61,True,value_eco
Public Goods,Kitchen,16.68,16.68,4.343999999999999,476,Eco-friendly kitchen product made from sustainable materials,Amazon,2026-02-10,"eco_friendly, sustainable",established,False,0.0,mid 10-25,Unknown Product,"['sustainable', 'eco_friendly']",True,True,1.0,Mid-Range ($10-25),4.34,True,15,60,True,premium_eco
Who Gives A Crap,Laundry,32.44,32.44,4.6,404,Eco-friendly laundry product made from sustainable materials,Amazon,2026-02-10,"eco_friendly, sustainable",established,False,0.0,premium 25-50,Unknown Product,"['sustainable', 'eco_friendly']",True,True,1.0,Premium ($25-50),4.5,True,15,60,True,value_eco
Mrs. Meyer's,Other,15.52,15.52,4.5,276,Eco-friendly bath product made from sustainable materials,Amazon,2026-02-10,"eco_friendly, sustainable",conventional,False,0.0,mid 10-25,Unknown Product,"['sustainable', 'eco_friendly']",True,True,1.0,Mid-Range ($10-25),4.42,True,15,57,True,conventional
Package Free,Kitchen,28.5,28.5,4.343999999999999,420,Eco-friendly kitchen product made from sustainable materials,Amazon,2026-02-10,"eco_friendly, sustainable",established,False,0.0,premium 25-50,Unknown Product,"['sustainable', 'eco_friendly']",True,True,1.0,Premium ($25-50),4.33,True,15,60,True,premium_eco
Grove Collaborative Collaborative,Cleaning,7.26,7.26,3.9,277,Eco-friendly cleaning product made from sustainable materials,Amazon,2026-02-10,"eco_friendly, sustainable",established,False,0.0,budget 10,Unknown Product,"['sustainable', 'eco_friendly']",True,True,1.0,Budget (<$10),4.09,True,15,61,True,premium_eco
EcoRoots,Kitchen,9.53,9.53,4.2,0,Eco-friendly kitchen product made from sustainable materials,Amazon,2026-02-10,"eco_friendly, sustainable",established,False,0.0,budget 10,Unknown Product,"['sustainable', 'eco_friendly']",True,True,1.0,Budget (<$10),4.32,False,15,60,True,specialty_eco
Mrs. Meyer's,Laundry,23.15,20.31,4.8,228,Eco-friendly laundry product made from sustainable materials,Amazon,2026-02-10,"eco_friendly, sustainable",conventional,True,12.27,mid 10-25,Unknown Product,"['sustainable', 'eco_friendly']",True,True,0.8773218142548596,Mid-Range ($10-25),4.56,True,15,60,True,conventional
The Good Fill,Laundry,30.35,30.35,4.337254901960784,127,Eco-friendly laundry product made from sustainable materials,Amazon,2026-02-10,"eco_friendly, sustainable",emerging,False,0.0,premium 25-50,Unknown Product,"['sustainable', 'eco_friendly']",True,True,1.0,Premium ($25-50),4.32,True,15,60,True,specialty_eco
Public Goods,Cleaning,22.0,16.27,4.3,452,Eco-friendly cleaning product made from sustainable materials,Amazon,2026-02-10,"eco_friendly, sustainable",established,True,26.05,mid 10-25,Unknown Product,"['sustainable', 'eco_friendly']",True,True,0.7395454545454545,Mid-Range ($10-25),4.31,True,15,61,True,premium_eco
Method,Laundry,18.11,18.11,4.337254901960784,0,Eco-friendly laundry product made from sustainable materials,Amazon,2026-02-10,"eco_friendly, sustainable",conventional,False,0.0,mid 10-25,Unknown Product,"['sustainable', 'eco_friendly']",True,True,1.0,Mid-Range ($10-25),4.32,False,15,60,True,value_eco
Grove Collaborative Collaborative,Cleaning,8.23,8.23,4.9,230,Eco-friendly cleaning product made from sustainable materials,Amazon,2026-02-10,"eco_friendly, sustainable",established,False,0.0,budget 10,Unknown Product,"['sustainable', 'eco_friendly']",True,True,1.0,Budget (<$10),4.61,True,15,61,True,premium_eco
Public Goods,Other,6.47,5.31,3.8,68,Eco-friendly bath product made from sustainable materials,Amazon,2026-02-10,"eco_friendly, sustainable",established,True,17.93,budget 10,Unknown Product,"['sustainable', 'eco_friendly']",True,True,0.820710973724884,Budget (<$10),4.2,True,15,57,True,premium_eco
EarthHero,Kitchen,25.41,25.41,3.9,487,Eco-friendly kitchen product made from sustainable materials,Amazon,2026-02-10,"eco_friendly, sustainable",established,False,0.0,premium 25-50,Unknown Product,"['sustainable', 'eco_friendly']",True,True,1.0,Premium ($25-50),4.03,True,15,60,True,specialty_eco
Grove Collaborative Collaborative,Cleaning,20.74,15.21,3.9,268,Eco-friendly cleaning product made from sustainable materials,Amazon,2026-02-10,"eco_friendly, sustainable",established,True,26.66,mid 10-25,Unknown Product,"['sustainable', 'eco_friendly']",True,True,0.7333654773384765,Mid-Range ($10-25),4.09,True,15,61,True,premium_eco
Mrs. Meyer's,Cleaning,12.18,10.31,4.3,33,Eco-friendly cleaning product made from sustainable materials,Amazon,2026-02-10,"eco_friendly, sustainable",conventional,True,15.35,mid 10-25,Unknown Product,"['sustainable', 'eco_friendly']",True,True,0.8464696223316913,Mid-Range ($10-25),4.31,True,15,61,True,conventional
The Good Fill,Cleaning,21.33,21.33,4.5,15,Eco-friendly cleaning product made from sustainable materials,Amazon,2026-02-10,"eco_friendly, sustainable",emerging,False,0.0,mid 10-25,Unknown Product,"['sustainable', 'eco_friendly']",True,True,1.0,Mid-Range ($10-25),4.33,True,15,61,True,specialty_eco
Blueland,Other,27.01,18.91,4.2,487,Eco-friendly bath product made from sustainable materials,Amazon,2026-02-10,"eco_friendly, sustainable",established,True,29.99,premium 25-50,Unknown Product,"['sustainable', 'eco_friendly']",True,True,0.7001110699740837,Premium ($25-50),4.24,True,15,57,True,premium_eco
Seventh Generationeration,Laundry,31.43,31.43,4.2,0,Eco-friendly laundry product made from sustainable materials,Amazon,2026-02-10,"eco_friendly, sustainable",emerging,False,0.0,premium 25-50,Unknown Product,"['sustainable', 'eco_friendly']",True,True,1.0,Premium ($25-50),4.32,False,15,60,True,value_eco
Well Earth Goods,Laundry,15.71,15.71,3.9,79,Eco-friendly laundry product made from sustainable materials,Amazon,2026-02-10,"eco_friendly, sustainable",emerging,False,0.0,mid 10-25,Unknown Product,"['sustainable', 'eco_friendly']",True,True,1.0,Mid-Range ($10-25),4.21,True,15,60,True,specialty_eco
Earth Breeze,Laundry,15.84,12.41,4.0,63,Eco-friendly laundry product made from sustainable materials,Amazon,2026-02-10,"eco_friendly, sustainable",established,True,21.65,mid 10-25,Unknown Product,"['sustainable', 'eco_friendly']",True,True,0.783459595959596,Mid-Range ($10-25),4.25,True,15,60,True,value_eco
Seventh Generationeration,Cleaning,16.65,16.65,4.7,0,Eco-friendly cleaning product made from sustainable materials,Amazon,2026-02-10,"eco_friendly, sustainable",emerging,False,0.0,mid 10-25,Unknown Product,"['sustainable', 'eco_friendly']",True,True,1.0,Mid-Range ($10-25),4.32,False,15,61,True,value_eco
Public Goods,Other,26.18,26.18,4.3,375,Eco-friendly bath product made from sustainable materials,Amazon,2026-02-10,"eco_friendly, sustainable",established,False,0.0,premium 25-50,Unknown Product,"['sustainable', 'eco_friendly']",True,True,1.0,Premium ($25-50),4.31,True,15,57,True,premium_eco
Method,Cleaning,17.23,14.4,4.5,460,Eco-friendly cleaning product made from sustainable materials,Amazon,2026-02-10,"eco_friendly, sustainable",conventional,True,16.42,mid 10-25,Unknown Product,"['sustainable', 'eco_friendly']",True,True,0.8357515960533952,Mid-Range ($10-25),4.44,True,15,61,True,value_eco
Grove Collaborative Collaborative,Cleaning,7.82,7.82,4.6,363,Eco-friendly cleaning product made from sustainable materials,Amazon,2026-02-10,"eco_friendly, sustainable",established,False,0.0,budget 10,Unknown Product,"['sustainable', 'eco_friendly']",True,True,1.0,Budget (<$10),4.49,True,15,61,True,premium_eco
Seventh Generationeration,Laundry,39.98,39.98,4.337254901960784,6,Eco-friendly laundry product made from sustainable materials,Amazon,2026-02-10,"eco_friendly, sustainable",emerging,False,0.0,premium 25-50,Unknown Product,"['sustainable', 'eco_friendly']",True,True,1.0,Premium ($25-50),4.32,False,15,60,True,value_eco
EcoRoots,Laundry,10.51,10.51,4.7,209,Eco-friendly laundry product made from sustainable materials,Amazon,2026-02-10,"eco_friendly, sustainable",established,False,0.0,mid 10-25,Unknown Product,"['sustainable', 'eco_friendly']",True,True,1.0,Mid-Range ($10-25),4.5,True,15,60,True,specialty_eco
The Good Fill,Other,18.29,18.29,4.5,0,Eco-friendly bath product made from sustainable materials,Amazon,2026-02-10,"eco_friendly, sustainable",emerging,False,0.0,mid 10-25,Unknown Product,"['sustainable', 'eco_friendly']",True,True,1.0,Mid-Range ($10-25),4.32,False,15,57,True,specialty_eco
Mrs. Meyer's,Other,23.41,23.41,4.4,336,Eco-friendly bath product made from sustainable materials,Amazon,2026-02-10,"eco_friendly, sustainable",conventional,False,0.0,mid 10-25,Unknown Product,"['sustainable', 'eco_friendly']",True,True,1.0,Mid-Range ($10-25),4.37,True,15,57,True,conventional
Package Free,Cleaning,15.51,15.51,4.3,0,Eco-friendly cleaning product made from sustainable materials,Amazon,2026-02-10,"eco_friendly, sustainable",established,False,0.0,mid 10-25,Unknown Product,"['sustainable', 'eco_friendly']",True,True,1.0,Mid-Range ($10-25),4.32,False,15,61,True,premium_eco
Ecos,Other,27.09,23.39,4.5,265,Eco-friendly bath product made from sustainable materials,Amazon,2026-02-10,"eco_friendly, sustainable",eco-focused,True,13.66,premium 25-50,Unknown Product,"['sustainable', 'eco_friendly']",True,True,0.8634182355112588,Premium ($25-50),4.41,True,15,57,True,other_eco
Attitude,Kitchen,24.51,24.51,4.3,315,Eco-friendly kitchen product made from sustainable materials,Amazon,2026-02-10,"eco_friendly, sustainable",conventional,False,0.0,mid 10-25,Unknown Product,"['sustainable', 'eco_friendly']",True,True,1.0,Mid-Range ($10-25),4.31,True,15,60,True,conventional
Well Earth Goods,Kitchen,27.49,23.09,4.5,440,Eco-friendly kitchen product made from sustainable materials,Amazon,2026-02-10,"eco_friendly, sustainable",emerging,True,16.01,premium 25-50,Unknown Product,"['sustainable', 'eco_friendly']",True,True,0.8399417970170971,Premium ($25-50),4.44,True,15,60,True,specialty_eco
Earth Breeze,Other,13.66,13.66,3.9,132,Eco-friendly bath product made from sustainable materials,Amazon,2026-02-10,"eco_friendly, sustainable",established,False,0.0,mid 10-25,Unknown Product,"['sustainable', 'eco_friendly']",True,True,1.0,Mid-Range ($10-25),4.17,True,15,57,True,value_eco
Ecos,Laundry,26.4,26.4,4.337254901960784,0,Eco-friendly laundry product made from sustainable materials,Amazon,2026-02-10,"eco_friendly, sustainable",eco-focused,False,0.0,premium 25-50,Unknown Product,"['sustainable', 'eco_friendly']",True,True,1.0,Premium ($25-50),4.32,False,15,60,True,other_eco
Blueland,Laundry,33.66,33.66,4.3,51,Eco-friendly laundry product made from sustainable materials,Amazon,2026-02-10,"eco_friendly, sustainable",established,False,0.0,premium 25-50,Unknown Product,"['sustainable', 'eco_friendly']",True,True,1.0,Premium ($25-50),4.31,True,15,60,True,premium_eco
Method,Kitchen,16.2,16.2,4.0,471,Eco-friendly kitchen product made from sustainable materials,Amazon,2026-02-10,"eco_friendly, sustainable",conventional,False,0.0,mid 10-25,Unknown Product,"['sustainable', 'eco_friendly']",True,True,1.0,Mid-Range ($10-25),4.1,True,15,60,True,value_eco
Blueland,Laundry,12.6,12.6,4.7,480,Eco-friendly laundry product made from sustainable materials,Amazon,2026-02-10,"eco_friendly, sustainable",established,False,0.0,mid 10-25,Unknown Product,"['sustainable', 'eco_friendly']",True,True,1.0,Mid-Range ($10-25),4.58,True,15,60,True,premium_eco
Method,Laundry,20.9,15.62,4.337254901960784,473,Eco-friendly laundry product made from sustainable materials,Amazon,2026-02-10,"eco_friendly, sustainable",conventional,True,25.26,mid 10-25,Unknown Product,"['sustainable', 'eco_friendly']",True,True,0.7473684210526316,Mid-Range ($10-25),4.33,True,15,60,True,value_eco
Mrs. Meyer's,Laundry,14.91,11.32,4.1,21,Eco-friendly laundry product made from sustainable materials,Amazon,2026-02-10,"eco_friendly, sustainable",conventional,True,24.08,mid 10-25,Unknown Product,"['sustainable', 'eco_friendly']",True,True,0.7592219986586184,Mid-Range ($10-25),4.3,True,15,60,True,conventional
Grove Collaborative Collaborative,Kitchen,25.8,25.8,4.3,0,Eco-friendly kitchen product made from sustainable materials,Amazon,2026-02-10,"eco_friendly, sustainable",established,False,0.0,premium 25-50,Unknown Product,"['sustainable', 'eco_friendly']",True,True,1.0,Premium ($25-50),4.32,False,15,60,True,premium_eco
Attitude,Laundry,14.32,10.58,4.8,194,Eco-friendly laundry product made from sustainable materials,Amazon,2026-02-10,"eco_friendly, sustainable",conventional,True,26.12,mid 10-25,Unknown Product,"['sustainable', 'eco_friendly']",True,True,0.7388268156424581,Mid-Range ($10-25),4.54,True,15,60,True,conventional
Seventh Generationeration,Other,27.11,27.11,4.3,355,Eco-friendly bath product made from sustainable materials,Amazon,2026-02-10,"eco_friendly, sustainable",emerging,False,0.0,premium 25-50,Unknown Product,"['sustainable', 'eco_friendly']",True,True,1.0,Premium ($25-50),4.31,True,15,57,True,value_eco
Mrs. Meyer's,Laundry,18.03,18.03,4.0,312,Eco-friendly laundry product made from sustainable materials,Amazon,2026-02-10,"eco_friendly, sustainable",conventional,False,0.0,mid 10-25,Unknown Product,"['sustainable', 'eco_friendly']",True,True,1.0,Mid-Range ($10-25),4.13,True,15,60,True,conventional
Earth Breeze,Kitchen,15.09,15.09,4.5,29,Eco-friendly kitchen product made from sustainable materials,Amazon,2026-02-10,"eco_friendly, sustainable",established,False,0.0,mid 10-25,Unknown Product,"['sustainable', 'eco_friendly']",True,True,1.0,Mid-Range ($10-25),4.34,True,15,60,True,value_eco
Attitude,Cleaning,21.5,21.5,4.1,82,Eco-friendly cleaning product made from sustainable materials,Amazon,2026-02-10,"eco_friendly, sustainable",conventional,False,0.0,mid 10-25,Unknown Product,"['sustainable', 'eco_friendly']",True,True,1.0,Mid-Range ($10-25),4.26,True,15,61,True,conventional
Mrs. Meyer's,Cleaning,19.41,14.29,3.8,344,Eco-friendly cleaning product made from sustainable materials,Amazon,2026-02-10,"eco_friendly, sustainable",conventional,True,26.38,mid 10-25,Unknown Product,"['sustainable', 'eco_friendly']",True,True,0.7362184441009788,Mid-Range ($10-25),4.01,True,15,61,True,conventional
Well Earth Goods,Cleaning,6.65,6.65,4.2,111,Eco-friendly cleaning product made from sustainable materials,Amazon,2026-02-10,"eco_friendly, sustainable",emerging,False,0.0,budget 10,Unknown Product,"['sustainable', 'eco_friendly']",True,True,1.0,Budget (<$10),4.28,True,15,61,True,specialty_eco
EcoRoots,Laundry,26.54,26.54,4.6,468,Eco-friendly laundry product made from sustainable materials,Amazon,2026-02-10,"eco_friendly, sustainable",established,False,0.0,premium 25-50,Unknown Product,"['sustainable', 'eco_friendly']",True,True,1.0,Premium ($25-50),4.51,True,15,60,True,specialty_eco
Mrs. Meyer's,Other,7.39,7.39,4.9,285,Eco-friendly bath product made from sustainable materials,Amazon,2026-02-10,"eco_friendly, sustainable",conventional,False,0.0,budget 10,Unknown Product,"['sustainable', 'eco_friendly']",True,True,1.0,Budget (<$10),4.64,True,15,57,True,conventional
Earth Breeze,Kitchen,34.0,24.52,4.343999999999999,463,Eco-friendly kitchen product made from sustainable materials,Amazon,2026-02-10,"eco_friendly, sustainable",established,True,27.88,premium 25-50,Unknown Product,"['sustainable', 'eco_friendly']",True,True,0.7211764705882353,Premium ($25-50),4.33,True,15,60,True,value_eco
Who Gives A Crap,Cleaning,19.21,15.43,4.2,235,Eco-friendly cleaning product made from sustainable materials,Amazon,2026-02-10,"eco_friendly, sustainable",established,True,19.68,mid 10-25,Unknown Product,"['sustainable', 'eco_friendly']",True,True,0.8032274856845393,Mid-Range ($10-25),4.26,True,15,61,True,value_eco
Well Earth Goods,Kitchen,19.41,19.41,4.2,0,Eco-friendly kitchen product made from sustainable materials,Amazon,2026-02-10,"eco_friendly, sustainable",emerging,False,0.0,mid 10-25,Unknown Product,"['sustainable', 'eco_friendly']",True,True,1.0,Mid-Range ($10-25),4.32,False,15,60,True,specialty_eco
Package Free,Kitchen,17.65,17.65,4.0,110,Eco-friendly kitchen product made from sustainable materials,Amazon,2026-02-10,"eco_friendly, sustainable",established,False,0.0,mid 10-25,Unknown Product,"['sustainable', 'eco_friendly']",True,True,1.0,Mid-Range ($10-25),4.21,True,15,60,True,premium_eco
EarthHero,Other,17.34,15.32,4.3,321,Eco-friendly bath product made from sustainable materials,Amazon,2026-02-10,"eco_friendly, sustainable",established,True,11.65,mid 10-25,Unknown Product,"['sustainable', 'eco_friendly']",True,True,0.8835063437139562,Mid-Range ($10-25),4.31,True,15,57,True,specialty_eco
Method,Cleaning,17.96,17.96,3.9,475,Eco-friendly cleaning product made from sustainable materials,Amazon,2026-02-10,"eco_friendly, sustainable",conventional,False,0.0,mid 10-25,Unknown Product,"['sustainable', 'eco_friendly']",True,True,1.0,Mid-Range ($10-25),4.04,True,15,61,True,value_eco
EcoRoots,Cleaning,10.16,10.16,3.9,340,Eco-friendly cleaning product made from sustainable materials,Amazon,2026-02-10,"eco_friendly, sustainable",established,False,0.0,mid 10-25,Unknown Product,"['sustainable', 'eco_friendly']",True,True,1.0,Mid-Range ($10-25),4.07,True,15,61,True,specialty_eco
Bambo Nature,Cleaning,15.06,15.06,4.2,313,Eco-friendly cleaning product made from sustainable materials,Amazon,2026-02-10,"eco_friendly, sustainable",emerging,False,0.0,mid 10-25,Unknown Product,"['sustainable', 'eco_friendly']",True,True,1.0,Mid-Range ($10-25),4.25,True,15,61,True,conventional
Who Gives A Crap,Kitchen,22.03,22.03,4.7,293,Eco-friendly kitchen product made from sustainable materials,Amazon,2026-02-10,"eco_friendly, sustainable",established,False,0.0,mid 10-25,Unknown Product,"['sustainable', 'eco_friendly']",True,True,1.0,Mid-Range ($10-25),4.53,True,15,60,True,value_eco
Ecos,Laundry,20.18,16.41,4.7,108,Eco-friendly laundry product made from sustainable materials,Amazon,2026-02-10,"eco_friendly, sustainable",eco-focused,True,18.68,mid 10-25,Unknown Product,"['sustainable', 'eco_friendly']",True,True,0.813181367690783,Mid-Range ($10-25),4.44,True,15,60,True,other_eco
The Good Fill,Laundry,14.6,14.6,4.4,247,Eco-friendly laundry product made from sustainable materials,Amazon,2026-02-10,"eco_friendly, sustainable",emerging,False,0.0,mid 10-25,Unknown Product,"['sustainable', 'eco_friendly']",True,True,1.0,Mid-Range ($10-25),4.36,True,15,60,True,specialty_eco
Grove Collaborative Collaborative,Cleaning,22.13,22.13,4.305000000000001,34,Eco-friendly cleaning product made from sustainable materials,Amazon,2026-02-10,"eco_friendly, sustainable",established,False,0.0,mid 10-25,Unknown Product,"['sustainable', 'eco_friendly']",True,True,1.0,Mid-Range ($10-25),4.32,True,15,61,True,premium_eco
Package Free,Laundry,32.56,23.02,4.4,33,Eco-friendly laundry product made from sustainable materials,Amazon,2026-02-10,"eco_friendly, sustainable",established,True,29.3,premium 25-50,Unknown Product,"['sustainable', 'eco_friendly']",True,True,0.7070024570024569,Premium ($25-50),4.33,True,15,60,True,premium_eco
Grove Collaborative Collaborative,Cleaning,8.4,8.4,4.7,451,Eco-friendly cleaning product made from sustainable materials,Amazon,2026-02-10,"eco_friendly, sustainable",established,False,0.0,budget 10,Unknown Product,"['sustainable', 'eco_friendly']",True,True,1.0,Budget (<$10),4.57,True,15,61,True,premium_eco
Attitude,Other,10.5,7.39,4.6,426,Eco-friendly bath product made from sustainable materials,Amazon,2026-02-10,"eco_friendly, sustainable",conventional,True,29.62,mid 10-25,Unknown Product,"['sustainable', 'eco_friendly']",True,True,0.7038095238095238,Mid-Range ($10-25),4.5,True,15,57,True,conventional
Bambo Nature,Kitchen,14.02,10.36,4.343999999999999,455,Eco-friendly kitchen product made from sustainable materials,Amazon,2026-02-10,"eco_friendly, sustainable",emerging,True,26.11,mid 10-25,Unknown Product,"['sustainable', 'eco_friendly']",True,True,0.738944365192582,Mid-Range ($10-25),4.33,True,15,60,True,conventional
EcoRoots,Laundry,24.07,24.07,4.2,116,Eco-friendly laundry product made from sustainable materials,Amazon,2026-02-10,"eco_friendly, sustainable",established,False,0.0,mid 10-25,Unknown Product,"['sustainable', 'eco_friendly']",True,True,1.0,Mid-Range ($10-25),4.28,True,15,60,True,specialty_eco
Earth Breeze,Cleaning,7.77,6.99,3.9,485,Eco-friendly cleaning product made from sustainable materials,Amazon,2026-02-10,"eco_friendly, sustainable",established,True,10.04,budget 10,Unknown Product,"['sustainable', 'eco_friendly']",True,True,0.8996138996138997,Budget (<$10),4.03,True,15,61,True,value_eco
Grove Collaborative Collaborative,Laundry,29.08,29.08,4.7,7,Eco-friendly laundry product made from sustainable materials,Amazon,2026-02-10,"eco_friendly, sustainable",established,False,0.0,premium 25-50,Unknown Product,"['sustainable', 'eco_friendly']",True,True,1.0,Premium ($25-50),4.33,False,15,60,True,premium_eco
EarthHero,Laundry,23.4,23.4,3.9,14,Eco-friendly laundry product made from sustainable materials,Amazon,2026-02-10,"eco_friendly, sustainable",established,False,0.0,mid 10-25,Unknown Product,"['sustainable', 'eco_friendly']",True,True,1.0,Mid-Range ($10-25),4.29,True,15,60,True,specialty_eco
Who Gives A Crap,Laundry,11.34,11.34,4.4,170,Eco-friendly laundry product made from sustainable materials,Amazon,2026-02-10,"eco_friendly, sustainable",established,False,0.0,mid 10-25,Unknown Product,"['sustainable', 'eco_friendly']",True,True,1.0,Mid-Range ($10-25),4.35,True,15,60,True,value_eco
Bambo Nature,Other,27.74,23.09,4.5,201,Eco-friendly bath product made from sustainable materials,Amazon,2026-02-10,"eco_friendly, sustainable",emerging,True,16.76,premium 25-50,Unknown Product,"['sustainable', 'eco_friendly']",True,True,0.8323720259552992,Premium ($25-50),4.4,True,15,57,True,conventional
Method,Other,16.02,16.02,3.9,56,Eco-friendly bath product made from sustainable materials,Amazon,2026-02-10,"eco_friendly, sustainable",conventional,False,0.0,mid 10-25,Unknown Product,"['sustainable', 'eco_friendly']",True,True,1.0,Mid-Range ($10-25),4.24,True,15,57,True,value_eco
Method,Other,9.27,7.15,4.6,365,Eco-friendly bath product made from sustainable materials,Amazon,2026-02-10,"eco_friendly, sustainable",conventional,True,22.87,budget 10,Unknown Product,"['sustainable', 'eco_friendly']",True,True,0.7713052858683928,Budget (<$10),4.49,True,15,57,True,value_eco
Bambo Nature,Cleaning,13.36,13.36,4.9,0,Eco-friendly cleaning product made from sustainable materials,Amazon,2026-02-10,"eco_friendly, sustainable",emerging,False,0.0,mid 10-25,Unknown Product,"['sustainable', 'eco_friendly']",True,True,1.0,Mid-Range ($10-25),4.32,False,15,61,True,conventional
Seventh Generationeration,Laundry,33.59,33.59,4.0,145,Eco-friendly laundry product made from sustainable materials,Amazon,2026-02-10,"eco_friendly, sustainable",emerging,False,0.0,premium 25-50,Unknown Product,"['sustainable', 'eco_friendly']",True,True,1.0,Premium ($25-50),4.19,True,15,60,True,value_eco
Attitude,Kitchen,29.1,25.46,4.7,225,Eco-friendly kitchen product made from sustainable materials,Amazon,2026-02-10,"eco_friendly, sustainable",conventional,True,12.51,premium 25-50,Unknown Product,"['sustainable', 'eco_friendly']",True,True,0.874914089347079,Premium ($25-50),4.51,True,15,60,True,conventional
Method,Other,19.31,19.31,4.3,378,Eco-friendly bath product made from sustainable materials,Amazon,2026-02-10,"eco_friendly, sustainable",conventional,False,0.0,mid 10-25,Unknown Product,"['sustainable', 'eco_friendly']",True,True,1.0,Mid-Range ($10-25),4.31,True,15,57,True,value_eco
Well Earth Goods,Laundry,10.95,10.95,4.3,19,Eco-friendly laundry product made from sustainable materials,Amazon,2026-02-10,"eco_friendly, sustainable",emerging,False,0.0,mid 10-25,Unknown Product,"['sustainable', 'eco_friendly']",True,True,1.0,Mid-Range ($10-25),4.32,True,15,60,True,specialty_eco
Well Earth Goods,Laundry,21.94,19.31,3.9,22,Eco-friendly laundry product made from sustainable materials,Amazon,2026-02-10,"eco_friendly, sustainable",emerging,True,11.99,mid 10-25,Unknown Product,"['sustainable', 'eco_friendly']",True,True,0.8801276207839561,Mid-Range ($10-25),4.28,True,15,60,True,specialty_eco
Seventh Generationeration,Kitchen,29.15,29.15,4.343999999999999,371,Eco-friendly kitchen product made from sustainable materials,Amazon,2026-02-10,"eco_friendly, sustainable",emerging,False,0.0,premium 25-50,Unknown Product,"['sustainable', 'eco_friendly']",True,True,1.0,Premium ($25-50),4.33,True,15,60,True,value_eco
Earth Breeze,Laundry,15.05,15.05,4.3,134,Eco-friendly laundry product made from sustainable materials,Amazon,2026-02-10,"eco_friendly, sustainable",established,False,0.0,mid 10-25,Unknown Product,"['sustainable', 'eco_friendly']",True,True,1.0,Mid-Range ($10-25),4.31,True,15,60,True,value_eco
Grove Collaborative Collaborative,Laundry,19.22,19.22,4.7,136,Eco-friendly laundry product made from sustainable materials,Amazon,2026-02-10,"eco_friendly, sustainable",established,False,0.0,mid 10-25,Unknown Product,"['sustainable', 'eco_friendly']",True,True,1.0,Mid-Range ($10-25),4.46,True,15,60,True,premium_eco
Well Earth Goods,Laundry,39.78,39.78,4.3,243,Eco-friendly laundry product made from sustainable materials,Amazon,2026-02-10,"eco_friendly, sustainable",emerging,False,0.0,premium 25-50,Unknown Product,"['sustainable', 'eco_friendly']",True,True,1.0,Premium ($25-50),4.31,True,15,60,True,specialty_eco
Attitude,Cleaning,20.89,20.89,4.5,415,Eco-friendly cleaning product made from sustainable materials,Amazon,2026-02-10,"eco_friendly, sustainable",conventional,False,0.0,mid 10-25,Unknown Product,"['sustainable', 'eco_friendly']",True,True,1.0,Mid-Range ($10-25),4.43,True,15,61,True,conventional
EcoRoots,Laundry,29.85,29.85,4.2,197,Eco-friendly laundry product made from sustainable materials,Amazon,2026-02-10,"eco_friendly, sustainable",established,False,0.0,premium 25-50,Unknown Product,"['sustainable', 'eco_friendly']",True,True,1.0,Premium ($25-50),4.26,True,15,60,True,specialty_eco
Bambo Nature,Other,10.63,10.63,4.4,419,Eco-friendly bath product made from sustainable materials,Amazon,2026-02-10,"eco_friendly, sustainable",emerging,False,0.0,mid 10-25,Unknown Product,"['sustainable', 'eco_friendly']",True,True,1.0,Mid-Range ($10-25),4.37,True,15,57,True,conventional
Method,Cleaning,19.8,14.61,4.6,208,Eco-friendly cleaning product made from sustainable materials,Amazon,2026-02-10,"eco_friendly, sustainable",conventional,True,26.21,mid 10-25,Unknown Product,"['sustainable', 'eco_friendly']",True,True,0.7378787878787878,Mid-Range ($10-25),4.45,True,15,61,True,value_eco
Well Earth Goods,Laundry,14.24,14.24,4.4,259,Eco-friendly laundry product made from sustainable materials,Amazon,2026-02-10,"eco_friendly, sustainable",emerging,False,0.0,mid 10-25,Unknown Product,"['sustainable', 'eco_friendly']",True,True,1.0,Mid-Range ($10-25),4.36,True,15,60,True,specialty_eco
Attitude,Other,15.33,15.33,4.288636363636363,97,Eco-friendly bath product made from sustainable materials,Amazon,2026-02-10,"eco_friendly, sustainable",conventional,False,0.0,mid 10-25,Unknown Product,"['sustainable', 'eco_friendly']",True,True,1.0,Mid-Range ($10-25),4.31,True,15,57,True,conventional
Package Free,Cleaning,9.19,9.19,3.8,331,Eco-friendly cleaning product made from sustainable materials,Amazon,2026-02-10,"eco_friendly, sustainable",established,False,0.0,budget 10,Unknown Product,"['sustainable', 'eco_friendly']",True,True,1.0,Budget (<$10),4.01,True,15,61,True,premium_eco
Who Gives A Crap,Laundry,17.17,15.24,4.4,159,Eco-friendly laundry product made from sustainable materials,Amazon,2026-02-10,"eco_friendly, sustainable",established,True,11.24,mid 10-25,Unknown Product,"['sustainable', 'eco_friendly']",True,True,0.8875946418171228,Mid-Range ($10-25),4.35,True,15,60,True,value_eco
Earth Breeze,Other,29.57,29.57,4.6,179,Eco-friendly bath product made from sustainable materials,Amazon,2026-02-10,"eco_friendly, sustainable",established,False,0.0,premium 25-50,Unknown Product,"['sustainable', 'eco_friendly']",True,True,1.0,Premium ($25-50),4.44,True,15,57,True,value_eco
EcoRoots,Kitchen,27.56,27.56,4.4,276,Eco-friendly kitchen product made from sustainable materials,Amazon,2026-02-10,"eco_friendly, sustainable",established,False,0.0,premium 25-50,Unknown Product,"['sustainable', 'eco_friendly']",True,True,1.0,Premium ($25-50),4.36,True,15,60,True,specialty_eco
Who Gives A Crap,Cleaning,16.72,16.72,4.6,227,Eco-friendly cleaning product made from sustainable materials,Amazon,2026-02-10,"eco_friendly, sustainable",established,False,0.0,mid 10-25,Unknown Product,"['sustainable', 'eco_friendly']",True,True,1.0,Mid-Range ($10-25),4.46,True,15,61,True,value_eco
Earth Breeze,Laundry,28.36,22.63,4.8,228,Eco-friendly laundry product made from sustainable materials,Amazon,2026-02-10,"eco_friendly, sustainable",established,True,20.2,premium 25-50,Unknown Product,"['sustainable', 'eco_friendly']",True,True,0.7979548660084625,Premium ($25-50),4.56,True,15,60,True,value_eco
Seventh Generationeration,Other,6.43,4.93,4.4,362,Eco-friendly bath product made from sustainable materials,Amazon,2026-02-10,"eco_friendly, sustainable",emerging,True,23.33,budget 10,Unknown Product,"['sustainable', 'eco_friendly']",True,True,0.7667185069984448,Budget (<$10),4.37,True,15,57,True,value_eco
Ecos,Cleaning,20.98,20.98,4.8,163,Eco-friendly cleaning product made from sustainable materials,Amazon,2026-02-10,"eco_friendly, sustainable",eco-focused,False,0.0,mid 10-25,Unknown Product,"['sustainable', 'eco_friendly']",True,True,1.0,Mid-Range ($10-25),4.52,True,15,61,True,other_eco
Who Gives A Crap,Kitchen,16.34,16.34,4.1,476,Eco-friendly kitchen product made from sustainable materials,Amazon,2026-02-10,"eco_friendly, sustainable",established,False,0.0,mid 10-25,Unknown Product,"['sustainable', 'eco_friendly']",True,True,1.0,Mid-Range ($10-25),4.17,True,15,60,True,value_eco
EcoRoots,Kitchen,25.11,25.11,4.343999999999999,0,Eco-friendly kitchen product made from sustainable materials,Amazon,2026-02-10,"eco_friendly, sustainable",established,False,0.0,premium 25-50,Unknown Product,"['sustainable', 'eco_friendly']",True,True,1.0,Premium ($25-50),4.32,False,15,60,True,specialty_eco
Ecos,Kitchen,32.0,32.0,4.343999999999999,256,Eco-friendly kitchen product made from sustainable materials,Amazon,2026-02-10,"eco_friendly, sustainable",eco-focused,False,0.0,premium 25-50,Unknown Product,"['sustainable', 'eco_friendly']",True,True,1.0,Premium ($25-50),4.33,True,15,60,True,other_eco
Grove Collaborative Collaborative,Cleaning,9.41,7.6,4.5,0,Eco-friendly cleaning product made from sustainable materials,Amazon,2026-02-10,"eco_friendly, sustainable",established,True,19.23,budget 10,Unknown Product,"['sustainable', 'eco_friendly']",True,True,0.8076514346439957,Budget (<$10),4.32,False,15,61,True,premium_eco
Grove Collaborative Collaborative,Kitchen,23.11,23.11,4.3,10,Eco-friendly kitchen product made from sustainable materials,Amazon,2026-02-10,"eco_friendly, sustainable",established,False,0.0,mid 10-25,Unknown Product,"['sustainable', 'eco_friendly']",True,True,1.0,Mid-Range ($10-25),4.32,True,15,60,True,premium_eco
Package Free,Laundry,39.76,39.76,4.0,136,Eco-friendly laundry product made from sustainable materials,Amazon,2026-02-10,"eco_friendly, sustainable",established,False,0.0,premium 25-50,Unknown Product,"['sustainable', 'eco_friendly']",True,True,1.0,Premium ($25-50),4.2,True,15,60,True,premium_eco
Mrs. Meyer's,Kitchen,14.37,14.37,4.4,23,Eco-friendly kitchen product made from sustainable materials,Amazon,2026-02-10,"eco_friendly, sustainable",conventional,False,0.0,mid 10-25,Unknown Product,"['sustainable', 'eco_friendly']",True,True,1.0,Mid-Range ($10-25),4.32,True,15,60,True,conventional
Who Gives A Crap,Laundry,15.29,13.53,4.0,43,Eco-friendly laundry product made from sustainable materials,Amazon,2026-02-10,"eco_friendly, sustainable",established,True,11.51,mid 10-25,Unknown Product,"['sustainable', 'eco_friendly']",True,True,0.8848920863309353,Mid-Range ($10-25),4.27,True,15,60,True,value_eco
Seventh Generationeration,Laundry,12.05,9.42,4.4,132,Eco-friendly laundry product made from sustainable materials,Amazon,2026-02-10,"eco_friendly, sustainable",emerging,True,21.83,mid 10-25,Unknown Product,"['sustainable', 'eco_friendly']",True,True,0.7817427385892116,Mid-Range ($10-25),4.35,True,15,60,True,value_eco
EarthHero,Other,28.5,28.5,3.9,279,Eco-friendly bath product made from sustainable materials,Amazon,2026-02-10,"eco_friendly, sustainable",established,False,0.0,premium 25-50,Unknown Product,"['sustainable', 'eco_friendly']",True,True,1.0,Premium ($25-50),4.09,True,15,57,True,specialty_eco
Blueland,Kitchen,30.92,30.92,4.5,188,Eco-friendly kitchen product made from sustainable materials,Amazon,2026-02-10,"eco_friendly, sustainable",established,False,0.0,premium 25-50,Unknown Product,"['sustainable', 'eco_friendly']",True,True,1.0,Premium ($25-50),4.4,True,15,60,True,premium_eco
Mrs. Meyer's,Other,25.76,22.97,4.288636363636363,220,Eco-friendly bath product made from sustainable materials,Amazon,2026-02-10,"eco_friendly, sustainable",conventional,True,10.83,premium 25-50,Unknown Product,"['sustainable', 'eco_friendly']",True,True,0.8916925465838509,Premium ($25-50),4.3,True,15,57,True,conventional
Bambo Nature,Other,13.83,13.83,4.0,182,Eco-friendly bath product made from sustainable materials,Amazon,2026-02-10,"eco_friendly, sustainable",emerging,False,0.0,mid 10-25,Unknown Product,"['sustainable', 'eco_friendly']",True,True,1.0,Mid-Range ($10-25),4.18,True,15,57,True,conventional
Earth Breeze,Kitchen,12.54,12.54,4.8,189,Eco-friendly kitchen product made from sustainable materials,Amazon,2026-02-10,"eco_friendly, sustainable",established,False,0.0,mid 10-25,Unknown Product,"['sustainable', 'eco_friendly']",True,True,1.0,Mid-Range ($10-25),4.53,True,15,60,True,value_eco
Method,Other,6.69,6.69,4.6,447,Eco-friendly bath product made from sustainable materials,Amazon,2026-02-10,"eco_friendly, sustainable",conventional,False,0.0,budget 10,Unknown Product,"['sustainable', 'eco_friendly']",True,True,1.0,Budget (<$10),4.5,True,15,57,True,value_eco
Seventh Generationeration,Cleaning,12.32,12.32,4.6,97,Eco-friendly cleaning product made from sustainable materials,Amazon,2026-02-10,"eco_friendly, sustainable",emerging,False,0.0,mid 10-25,Unknown Product,"['sustainable', 'eco_friendly']",True,True,1.0,Mid-Range ($10-25),4.4,True,15,61,True,value_eco
EarthHero,Kitchen,28.65,28.65,4.0,276,Eco-friendly kitchen product made from sustainable materials,Amazon,2026-02-10,"eco_friendly, sustainable",established,False,0.0,premium 25-50,Unknown Product,"['sustainable', 'eco_friendly']",True,True,1.0,Premium ($25-50),4.14,True,15,60,True,specialty_eco
Mrs. Meyer's,Cleaning,11.38,11.38,4.2,452,Eco-friendly cleaning product made from sustainable materials,Amazon,2026-02-10,"eco_friendly, sustainable",conventional,False,0.0,mid 10-25,Unknown Product,"['sustainable', 'eco_friendly']",True,True,1.0,Mid-Range ($10-25),4.24,True,15,61,True,conventional
Method,Laundry,19.62,19.62,4.9,464,Eco-friendly laundry product made from sustainable materials,Amazon,2026-02-10,"eco_friendly, sustainable",conventional,False,0.0,mid 10-25,Unknown Product,"['sustainable', 'eco_friendly']",True,True,1.0,Mid-Range ($10-25),4.71,True,15,60,True,value_eco
Attitude,Laundry,39.24,39.24,4.7,242,Eco-friendly laundry product made from sustainable materials,Amazon,2026-02-10,"eco_friendly, sustainable",conventional,False,0.0,premium 25-50,Unknown Product,"['sustainable', 'eco_friendly']",True,True,1.0,Premium ($25-50),4.51,True,15,60,True,conventional
Ecos,Cleaning,24.38,24.38,4.8,293,Eco-friendly cleaning product made from sustainable materials,Amazon,2026-02-10,"eco_friendly, sustainable",eco-focused,False,0.0,mid 10-25,Unknown Product,"['sustainable', 'eco_friendly']",True,True,1.0,Mid-Range ($10-25),4.59,True,15,61,True,other_eco
Grove Collaborative Collaborative,Other,18.02,18.02,4.2,164,Eco-friendly bath product made from sustainable materials,Amazon,2026-02-10,"eco_friendly, sustainable",established,False,0.0,mid 10-25,Unknown Product,"['sustainable', 'eco_friendly']",True,True,1.0,Mid-Range ($10-25),4.27,True,15,57,True,premium_eco
Package Free,Cleaning,12.95,12.95,4.9,0,Eco-friendly cleaning product made from sustainable materials,Amazon,2026-02-10,"eco_friendly, sustainable",established,False,0.0,mid 10-25,Unknown Product,"['sustainable', 'eco_friendly']",True,True,1.0,Mid-Range ($10-25),4.32,False,15,61,True,premium_eco
Ecos,Cleaning,20.29,20.29,4.0,0,Eco-friendly cleaning product made from sustainable materials,Amazon,2026-02-10,"eco_friendly, sustainable",eco-focused,False,0.0,mid 10-25,Unknown Product,"['sustainable', 'eco_friendly']",True,True,1.0,Mid-Range ($10-25),4.32,False,15,61,True,other_eco
Method,Other,23.14,23.14,3.9,0,Eco-friendly bath product made from sustainable materials,Amazon,2026-02-10,"eco_friendly, sustainable",conventional,False,0.0,mid 10-25,Unknown Product,"['sustainable', 'eco_friendly']",True,True,1.0,Mid-Range ($10-25),4.32,False,15,57,True,value_eco
Earth Breeze,Cleaning,24.75,20.72,3.9,356,Eco-friendly cleaning product made from sustainable materials,Amazon,2026-02-10,"eco_friendly, sustainable",established,True,16.28,mid 10-25,Unknown Product,"['sustainable', 'eco_friendly']",True,True,0.8371717171717171,Mid-Range ($10-25),4.06,True,15,61,True,value_eco
EcoRoots,Cleaning,20.18,20.18,4.7,314,Eco-friendly cleaning product made from sustainable materials,Amazon,2026-02-10,"eco_friendly, sustainable",established,False,0.0,mid 10-25,Unknown Product,"['sustainable', 'eco_friendly']",True,True,1.0,Mid-Range ($10-25),4.54,True,15,61,True,specialty_eco
Earth Breeze,Cleaning,20.61,20.61,4.1,85,Eco-friendly cleaning product made from sustainable materials,Amazon,2026-02-10,"eco_friendly, sustainable",established,False,0.0,mid 10-25,Unknown Product,"['sustainable', 'eco_friendly']",True,True,1.0,Mid-Range ($10-25),4.26,True,15,61,True,value_eco
Public Goods,Other,6.02,6.02,4.4,64,Eco-friendly bath product made from sustainable materials,Amazon,2026-02-10,"eco_friendly, sustainable",established,False,0.0,budget 10,Unknown Product,"['sustainable', 'eco_friendly']",True,True,1.0,Budget (<$10),4.33,True,15,57,True,premium_eco
Seventh Generationeration,Laundry,19.01,19.01,4.7,100,Eco-friendly laundry product made from sustainable materials,Amazon,2026-02-10,"eco_friendly, sustainable",emerging,False,0.0,mid 10-25,Unknown Product,"['sustainable', 'eco_friendly']",True,True,1.0,Mid-Range ($10-25),4.43,True,15,60,True,value_eco
Seventh Generationeration,Cleaning,15.67,15.67,4.7,463,Eco-friendly cleaning product made from sustainable materials,Amazon,2026-02-10,"eco_friendly, sustainable",emerging,False,0.0,mid 10-25,Unknown Product,"['sustainable', 'eco_friendly']",True,True,1.0,Mid-Range ($10-25),4.57,True,15,61,True,value_eco
Grove Collaborative Collaborative,Cleaning,6.64,6.64,4.9,0,Eco-friendly cleaning product made from sustainable materials,Amazon,2026-02-10,"eco_friendly, sustainable",established,False,0.0,budget 10,Unknown Product,"['sustainable', 'eco_friendly']",True,True,1.0,Budget (<$10),4.32,False,15,61,True,premium_eco
Grove Collaborative Collaborative,Laundry,23.22,17.13,4.337254901960784,358,Eco-friendly laundry product made from sustainable materials,Amazon,2026-02-10,"eco_friendly, sustainable",established,True,26.23,mid 10-25,Unknown Product,"['sustainable', 'eco_friendly']",True,True,0.7377260981912145,Mid-Range ($10-25),4.33,True,15,60,True,premium_eco
Well Earth Goods,Laundry,20.18,20.18,4.4,171,Eco-friendly laundry product made from sustainable materials,Amazon,2026-02-10,"eco_friendly, sustainable",emerging,False,0.0,mid 10-25,Unknown Product,"['sustainable', 'eco_friendly']",True,True,1.0,Mid-Range ($10-25),4.35,True,15,60,True,specialty_eco
Well Earth Goods,Cleaning,6.27,6.27,4.305000000000001,273,Eco-friendly cleaning product made from sustainable materials,Amazon,2026-02-10,"eco_friendly, sustainable",emerging,False,0.0,budget 10,Unknown Product,"['sustainable', 'eco_friendly']",True,True,1.0,Budget (<$10),4.31,True,15,61,True,specialty_eco
Earth Breeze,Cleaning,18.76,18.76,4.0,453,Eco-friendly cleaning product made from sustainable materials,Amazon,2026-02-10,"eco_friendly, sustainable",established,False,0.0,mid 10-25,Unknown Product,"['sustainable', 'eco_friendly']",True,True,1.0,Mid-Range ($10-25),4.11,True,15,61,True,value_eco
Package Free,Other,16.32,16.32,3.8,457,Eco-friendly bath product made from sustainable materials,Amazon,2026-02-10,"eco_friendly, sustainable",established,False,0.0,mid 10-25,Unknown Product,"['sustainable', 'eco_friendly']",True,True,1.0,Mid-Range ($10-25),3.97,True,15,57,True,premium_eco
Seventh Generationeration,Kitchen,30.82,30.82,4.1,96,Eco-friendly kitchen product made from sustainable materials,Amazon,2026-02-10,"eco_friendly, sustainable",emerging,False,0.0,premium 25-50,Unknown Product,"['sustainable', 'eco_friendly']",True,True,1.0,Premium ($25-50),4.25,True,15,60,True,value_eco
Earth Breeze,Laundry,39.08,39.08,4.3,41,Eco-friendly laundry product made from sustainable materials,Amazon,2026-02-10,"eco_friendly, sustainable",established,False,0.0,premium 25-50,Unknown Product,"['sustainable', 'eco_friendly']",True,True,1.0,Premium ($25-50),4.31,True,15,60,True,value_eco
Well Earth Goods,Other,11.85,11.85,4.1,0,Eco-friendly bath product made from sustainable materials,Amazon,2026-02-10,"eco_friendly, sustainable",emerging,False,0.0,mid 10-25,Unknown Product,"['sustainable', 'eco_friendly']",True,True,1.0,Mid-Range ($10-25),4.32,False,15,57,True,specialty_eco
Package Free,Laundry,38.29,38.29,3.8,487,Eco-friendly laundry product made from sustainable materials,Amazon,2026-02-10,"eco_friendly, sustainable",established,False,0.0,premium 25-50,Unknown Product,"['sustainable', 'eco_friendly']",True,True,1.0,Premium ($25-50),3.97,True,15,60,True,premium_eco
Bambo Nature,Cleaning,12.76,12.76,4.2,448,Eco-friendly cleaning product made from sustainable materials,Amazon,2026-02-10,"eco_friendly, sustainable",emerging,False,0.0,mid 10-25,Unknown Product,"['sustainable', 'eco_friendly']",True,True,1.0,Mid-Range ($10-25),4.24,True,15,61,True,conventional
Attitude,Kitchen,16.13,16.13,4.0,494,Eco-friendly kitchen product made from sustainable materials,Amazon,2026-02-10,"eco_friendly, sustainable",conventional,False,0.0,mid 10-25,Unknown Product,"['sustainable', 'eco_friendly']",True,True,1.0,Mid-Range ($10-25),4.1,True,15,60,True,conventional
Attitude,Cleaning,14.35,14.35,4.6,274,Eco-friendly cleaning product made from sustainable materials,Amazon,2026-02-10,"eco_friendly, sustainable",conventional,False,0.0,mid 10-25,Unknown Product,"['sustainable', 'eco_friendly']",True,True,1.0,Mid-Range ($10-25),4.47,True,15,61,True,conventional
EarthHero,Other,22.7,22.7,4.6,266,Eco-friendly bath product made from sustainable materials,Amazon,2026-02-10,"eco_friendly, sustainable",established,False,0.0,mid 10-25,Unknown Product,"['sustainable', 'eco_friendly']",True,True,1.0,Mid-Range ($10-25),4.47,True,15,57,True,specialty_eco
Seventh Generationeration,Cleaning,17.38,14.38,4.0,46,Eco-friendly cleaning product made from sustainable materials,Amazon,2026-02-10,"eco_friendly, sustainable",emerging,True,17.26,mid 10-25,Unknown Product,"['sustainable', 'eco_friendly']",True,True,0.8273878020713464,Mid-Range ($10-25),4.26,True,15,61,True,value_eco
Well Earth Goods,Cleaning,8.87,8.87,4.4,343,Eco-friendly cleaning product made from sustainable materials,Amazon,2026-02-10,"eco_friendly, sustainable",emerging,False,0.0,budget 10,Unknown Product,"['sustainable', 'eco_friendly']",True,True,1.0,Budget (<$10),4.37,True,15,61,True,specialty_eco
Earth Breeze,Laundry,15.1,15.1,4.3,291,Eco-friendly laundry product made from sustainable materials,Amazon,2026-02-10,"eco_friendly, sustainable",established,False,0.0,mid 10-25,Unknown Product,"['sustainable', 'eco_friendly']",True,True,1.0,Mid-Range ($10-25),4.31,True,15,60,True,value_eco
Blueland,Laundry,31.87,31.87,4.7,292,Eco-friendly laundry product made from sustainable materials,Amazon,2026-02-10,"eco_friendly, sustainable",established,False,0.0,premium 25-50,Unknown Product,"['sustainable', 'eco_friendly']",True,True,1.0,Premium ($25-50),4.53,True,15,60,True,premium_eco
Package Free,Other,29.76,29.76,4.0,292,Eco-friendly bath product made from sustainable materials,Amazon,2026-02-10,"eco_friendly, sustainable",established,False,0.0,premium 25-50,Unknown Product,"['sustainable', 'eco_friendly']",True,True,1.0,Premium ($25-50),4.14,True,15,57,True,premium_eco
Bambo Nature,Cleaning,17.8,17.8,3.8,77,Eco-friendly cleaning product made from sustainable materials,Amazon,2026-02-10,"eco_friendly, sustainable",emerging,False,0.0,mid 10-25,Unknown Product,"['sustainable', 'eco_friendly']",True,True,1.0,Mid-Range ($10-25),4.19,True,15,61,True,conventional
EcoRoots,Cleaning,16.98,13.88,4.7,469,Eco-friendly cleaning product made from sustainable materials,Amazon,2026-02-10,"eco_friendly, sustainable",established,True,18.26,mid 10-25,Unknown Product,"['sustainable', 'eco_friendly']",True,True,0.817432273262662,Mid-Range ($10-25),4.57,True,15,61,True,specialty_eco
Bambo Nature,Kitchen,24.12,24.12,4.7,276,Eco-friendly kitchen product made from sustainable materials,Amazon,2026-02-10,"eco_friendly, sustainable",emerging,False,0.0,mid 10-25,Unknown Product,"['sustainable', 'eco_friendly']",True,True,1.0,Mid-Range ($10-25),4.53,True,15,60,True,conventional
Method,Other,19.55,19.55,4.2,124,Eco-friendly bath product made from sustainable materials,Amazon,2026-02-10,"eco_friendly, sustainable",conventional,False,0.0,mid 10-25,Unknown Product,"['sustainable', 'eco_friendly']",True,True,1.0,Mid-Range ($10-25),4.28,True,15,57,True,value_eco
Seventh Generationeration,Cleaning,24.72,24.72,4.3,288,Eco-friendly cleaning product made from sustainable materials,Amazon,2026-02-10,"eco_friendly, sustainable",emerging,False,0.0,mid 10-25,Unknown Product,"['sustainable', 'eco_friendly']",True,True,1.0,Mid-Range ($10-25),4.31,True,15,61,True,value_eco
Method,Other,5.43,4.44,4.2,380,Eco-friendly bath product made from sustainable materials,Amazon,2026-02-10,"eco_friendly, sustainable",conventional,True,18.23,budget 10,Unknown Product,"['sustainable', 'eco_friendly']",True,True,0.8176795580110499,Budget (<$10),4.24,True,15,57,True,value_eco
Well Earth Goods,Kitchen,28.1,24.58,4.343999999999999,0,Eco-friendly kitchen product made from sustainable materials,Amazon,2026-02-10,"eco_friendly, sustainable",emerging,True,12.53,premium 25-50,Unknown Product,"['sustainable', 'eco_friendly']",True,True,0.8747330960854092,Premium ($25-50),4.32,False,15,60,True,specialty_eco
Method,Laundry,32.01,25.82,4.1,351,Eco-friendly laundry product made from sustainable materials,Amazon,2026-02-10,"eco_friendly, sustainable",conventional,True,19.34,premium 25-50,Unknown Product,"['sustainable', 'eco_friendly']",True,True,0.8066229303342706,Premium ($25-50),4.19,True,15,60,True,value_eco
The Good Fill,Laundry,35.48,25.01,4.1,368,Eco-friendly laundry product made from sustainable materials,Amazon,2026-02-10,"eco_friendly, sustainable",emerging,True,29.51,premium 25-50,Unknown Product,"['sustainable', 'eco_friendly']",True,True,0.704904171364149,Premium ($25-50),4.18,True,15,60,True,specialty_eco
Package Free,Other,21.7,21.7,4.9,294,Eco-friendly bath product made from sustainable materials,Amazon,2026-02-10,"eco_friendly, sustainable",established,False,0.0,mid 10-25,Unknown Product,"['sustainable', 'eco_friendly']",True,True,1.0,Mid-Range ($10-25),4.64,True,15,57,True,premium_eco
Grove Collaborative Collaborative,Cleaning,24.31,24.31,4.1,178,Eco-friendly cleaning product made from sustainable materials,Amazon,2026-02-10,"eco_friendly, sustainable",established,False,0.0,mid 10-25,Unknown Product,"['sustainable', 'eco_friendly']",True,True,1.0,Mid-Range ($10-25),4.22,True,15,61,True,premium_eco
EcoRoots,Cleaning,23.88,23.88,4.0,273,Eco-friendly cleaning product made from sustainable materials,Amazon,2026-02-10,"eco_friendly, sustainable",established,False,0.0,mid 10-25,Unknown Product,"['sustainable', 'eco_friendly']",True,True,1.0,Mid-Range ($10-25),4.15,True,15,61,True,specialty_eco
Blueland,Other,26.95,26.95,4.0,413,Eco-friendly bath product made from sustainable materials,Amazon,2026-02-10,"eco_friendly, sustainable",established,False,0.0,premium 25-50,Unknown Product,"['sustainable', 'eco_friendly']",True,True,1.0,Premium ($25-50),4.11,True,15,57,True,premium_eco
EarthHero,Cleaning,24.53,24.53,4.0,211,Eco-friendly cleaning product made from sustainable materials,Amazon,2026-02-10,"eco_friendly, sustainable",established,False,0.0,mid 10-25,Unknown Product,"['sustainable', 'eco_friendly']",True,True,1.0,Mid-Range ($10-25),4.17,True,15,61,True,specialty_eco
Ecos,Laundry,34.83,34.83,4.0,373,Eco-friendly laundry product made from sustainable materials,Amazon,2026-02-10,"eco_friendly, sustainable",eco-focused,False,0.0,premium 25-50,Unknown Product,"['sustainable', 'eco_friendly']",True,True,1.0,Premium ($25-50),4.12,True,15,60,True,other_eco
Well Earth Goods,Kitchen,11.42,11.42,4.7,468,Eco-friendly kitchen product made from sustainable materials,Amazon,2026-02-10,"eco_friendly, sustainable",emerging,False,0.0,mid 10-25,Unknown Product,"['sustainable', 'eco_friendly']",True,True,1.0,Mid-Range ($10-25),4.57,True,15,60,True,specialty_eco
Who Gives A Crap,Cleaning,12.96,12.96,4.4,144,Eco-friendly cleaning product made from sustainable materials,Amazon,2026-02-10,"eco_friendly, sustainable",established,False,0.0,mid 10-25,Unknown Product,"['sustainable', 'eco_friendly']",True,True,1.0,Mid-Range ($10-25),4.35,True,15,61,True,value_eco
Mrs. Meyer's,Cleaning,15.75,15.75,3.9,251,Eco-friendly cleaning product made from sustainable materials,Amazon,2026-02-10,"eco_friendly, sustainable",conventional,False,0.0,mid 10-25,Unknown Product,"['sustainable', 'eco_friendly']",True,True,1.0,Mid-Range ($10-25),4.1,True,15,61,True,conventional
Method,Laundry,18.22,18.22,4.4,67,Eco-friendly laundry product made from sustainable materials,Amazon,2026-02-10,"eco_friendly, sustainable",conventional,False,0.0,mid 10-25,Unknown Product,"['sustainable', 'eco_friendly']",True,True,1.0,Mid-Range ($10-25),4.34,True,15,60,True,value_eco
Public Goods,Other,13.3,13.3,4.7,403,Eco-friendly bath product made from sustainable materials,Amazon,2026-02-10,"eco_friendly, sustainable",established,False,0.0,mid 10-25,Unknown Product,"['sustainable', 'eco_friendly']",True,True,1.0,Mid-Range ($10-25),4.56,True,15,57,True,premium_eco
Mrs. Meyer's,Other,9.12,9.12,4.4,97,Eco-friendly bath product made from sustainable materials,Amazon,2026-02-10,"eco_friendly, sustainable",conventional,False,0.0,budget 10,Unknown Product,"['sustainable', 'eco_friendly']",True,True,1.0,Budget (<$10),4.34,True,15,57,True,conventional
Earth Breeze,Other,12.24,12.24,4.0,434,Eco-friendly bath product made from sustainable materials,Amazon,2026-02-10,"eco_friendly, sustainable",established,False,0.0,mid 10-25,Unknown Product,"['sustainable', 'eco_friendly']",True,True,1.0,Mid-Range ($10-25),4.11,True,15,57,True,value_eco
EcoRoots,Cleaning,22.97,17.38,3.9,39,Eco-friendly cleaning product made from sustainable materials,Amazon,2026-02-10,"eco_friendly, sustainable",established,True,24.34,mid 10-25,Unknown Product,"['sustainable', 'eco_friendly']",True,True,0.7566390944710492,Mid-Range ($10-25),4.26,True,15,61,True,specialty_eco
Who Gives A Crap,Other,20.51,20.51,4.8,129,Eco-friendly bath product made from sustainable materials,Amazon,2026-02-10,"eco_friendly, sustainable",established,False,0.0,mid 10-25,Unknown Product,"['sustainable', 'eco_friendly']",True,True,1.0,Mid-Range ($10-25),4.49,True,15,57,True,value_eco
EcoRoots,Other,5.78,5.78,4.288636363636363,358,Eco-friendly bath product made from sustainable materials,Amazon,2026-02-10,"eco_friendly, sustainable",established,False,0.0,budget 10,Unknown Product,"['sustainable', 'eco_friendly']",True,True,1.0,Budget (<$10),4.3,True,15,57,True,specialty_eco
Mrs. Meyer's,Laundry,31.77,26.63,4.8,16,Eco-friendly laundry product made from sustainable materials,Amazon,2026-02-10,"eco_friendly, sustainable",conventional,True,16.18,premium 25-50,Unknown Product,"['sustainable', 'eco_friendly']",True,True,0.8382121498268806,Premium ($25-50),4.35,True,15,60,True,conventional
The Good Fill,Laundry,37.17,26.24,3.8,281,Eco-friendly laundry product made from sustainable materials,Amazon,2026-02-10,"eco_friendly, sustainable",emerging,True,29.41,premium 25-50,Unknown Product,"['sustainable', 'eco_friendly']",True,True,0.7059456550981974,Premium ($25-50),4.03,True,15,60,True,specialty_eco
Attitude,Laundry,21.99,21.99,4.337254901960784,63,Eco-friendly laundry product made from sustainable materials,Amazon,2026-02-10,"eco_friendly, sustainable",conventional,False,0.0,mid 10-25,Unknown Product,"['sustainable', 'eco_friendly']",True,True,1.0,Mid-Range ($10-25),4.32,True,15,60,True,conventional
Seventh Generationeration,Kitchen,26.22,26.22,4.7,407,Eco-friendly kitchen product made from sustainable materials,Amazon,2026-02-10,"eco_friendly, sustainable",emerging,False,0.0,premium 25-50,Unknown Product,"['sustainable', 'eco_friendly']",True,True,1.0,Premium ($25-50),4.56,True,15,60,True,value_eco
Ecos,Laundry,23.3,18.31,3.9,432,Eco-friendly laundry product made from sustainable materials,Amazon,2026-02-10,"eco_friendly, sustainable",eco-focused,True,21.42,mid 10-25,Unknown Product,"['sustainable', 'eco_friendly']",True,True,0.7858369098712445,Mid-Range ($10-25),4.05,True,15,60,True,other_eco
